name,value,unit,category,context,vartype,source,min_val,max_val,enumvals,boot_val,reset_val,description,is_predefined_tunable,custom_category,is_runtime_modifiable,eligible_for_autotuning,autotuning_exclusion_reason_code,autotuning_exclusion_reason_detail,tuning_min,tuning_max,scale,impact_tier,tuning_priority,tuning_notes,hardware_relative,resource_type,requires_restart,has_tuning_metadata
effective_cache_size,524288,8kB,Query Tuning / Planner Cost Constants,user,integer,default,1,2147483647,,524288,524288,Sets the planner's assumption about the total size of the data caches.,True,memory,True,True,,,65536.0,1048576.0,log,minimal,1.0,"Planner's OS cache estimate. Doesn't allocate memory, only affects plans.",True,ram,False,True
max_parallel_workers_per_gather,2,,Resource Usage / Worker Processes,user,integer,default,0,1024,,2,2,Sets the maximum number of parallel processes per executor node.,True,connections,True,True,,,0.0,4.0,linear,minimal,1.0,Parallelism for analytical queries. Limited by CPU cores.,True,cpu,False,True
random_page_cost,4,,Query Tuning / Planner Cost Constants,user,real,default,0,1.79769e+308,,4,4,Sets the planner's estimate of the cost of a nonsequentially fetched disk page.,True,query_planner,True,True,,,0.1,4.0,linear,minimal,1.0,"Critical for index vs seqscan decisions. SSD: 1.0-1.5, HDD: 3.0-4.0",True,disk_type,False,True
shared_buffers,16384,8kB,Resource Usage / Memory,postmaster,integer,configuration file,16,1073741823,,16384,16384,Sets the number of shared memory buffers used by the server.,True,memory,False,True,,,16384.0,131072.0,log,minimal,1.0,Most impactful knob. Log scale because doubling matters more than addition.,True,ram,True,True
work_mem,4096,kB,Resource Usage / Memory,user,integer,default,64,2147483647,,4096,4096,Sets the maximum memory to be used for query workspaces.,True,memory,True,True,,,4096.0,65536.0,log,minimal,1.0,Per-operation memory. Total can be work_mem * connections * operations_per_query,True,ram,False,True
checkpoint_completion_target,0.9,,Write-Ahead Log / Checkpoints,sighup,real,default,0,1,,0.9,0.9,"Time spent flushing dirty buffers during checkpoint, as fraction of checkpoint interval.",True,checkpoint,True,True,,,0.1,0.9,linear,core,2.0,Spread checkpoint I/O over this fraction of checkpoint_timeout.,False,,False,True
checkpoint_timeout,300,s,Write-Ahead Log / Checkpoints,sighup,integer,default,30,86400,,300,300,Sets the maximum time between automatic WAL checkpoints.,True,checkpoint,True,True,,,30.0,3600.0,log,core,2.0,Max time between automatic checkpoints. Affects recovery time.,False,,False,True
default_statistics_target,100,,Query Tuning / Other Planner Options,user,integer,default,1,10000,,100,100,Sets the default statistics target.,True,query_planner,True,True,,,10.0,10000.0,log,core,2.0,"Statistics sample size for ANALYZE. Higher = better plans, slower ANALYZE.",False,,False,True
effective_io_concurrency,16,,Resource Usage / I/O,user,integer,default,0,1000,,16,16,Number of simultaneous requests that can be handled efficiently by the disk subsystem.,True,query_planner,True,True,,,0.0,200.0,linear,core,2.0,"Expected concurrent I/O. SSD: 100-200, HDD: 1-2",True,disk_type,False,True
maintenance_work_mem,65536,kB,Resource Usage / Memory,user,integer,default,64,2147483647,,65536,65536,Sets the maximum memory to be used for maintenance operations.,True,memory,True,True,,,65536.0,262144.0,log,core,2.0,"For VACUUM, CREATE INDEX. Can be larger than work_mem.",True,ram,False,True
wal_buffers,512,8kB,Write-Ahead Log / Settings,postmaster,integer,default,-1,262143,,-1,512,Sets the number of disk-page buffers in shared memory for WAL.,True,memory,False,True,,,64.0,2048.0,log,core,2.0,WAL buffer size. Default -1 means auto (1/32 of shared_buffers).,False,,True,True
autovacuum,on,,Vacuuming / Automatic Vacuuming,sighup,bool,default,,,,on,on,Starts the autovacuum subprocess.,True,autovacuum,True,True,,,,,categorical,standard,3.0,Enable autovacuum. Usually keep on.,False,,False,True
cpu_index_tuple_cost,0.005,,Query Tuning / Planner Cost Constants,user,real,default,0,1.79769e+308,,0.005,0.005,Sets the planner's estimate of the cost of processing each index entry during an index scan.,True,query_planner,True,True,,,0.0001,0.01,log,standard,3.0,Cost of processing each index entry.,False,,False,True
cpu_operator_cost,0.0025,,Query Tuning / Planner Cost Constants,user,real,default,0,1.79769e+308,,0.0025,0.0025,Sets the planner's estimate of the cost of processing each operator or function call.,True,query_planner,True,True,,,0.0001,0.01,log,standard,3.0,Cost of executing operators/functions.,False,,False,True
cpu_tuple_cost,0.01,,Query Tuning / Planner Cost Constants,user,real,default,0,1.79769e+308,,0.01,0.01,Sets the planner's estimate of the cost of processing each tuple (row).,True,query_planner,True,True,,,0.001,0.1,log,standard,3.0,Cost of processing each row.,False,,False,True
hash_mem_multiplier,2,,Resource Usage / Memory,user,real,default,1,1000,,2,2,"Multiple of ""work_mem"" to use for hash tables.",False,other,True,True,,,1.0,8.0,linear,standard,3.0,Hash operation memory multiplier; bounded to avoid aggressive memory oversubscription.,False,,False,True
io_workers,3,,Resource Usage / I/O,sighup,integer,default,1,32,,3,3,"Number of IO worker processes, for io_method=worker.",False,other,True,True,,,1.0,16.0,linear,standard,3.0,I/O worker count (PG17+); bounded to practical CPU-core-aligned range.,True,cpu,False,True
maintenance_io_concurrency,16,,Resource Usage / I/O,user,integer,default,0,1000,,16,16,"A variant of ""effective_io_concurrency"" that is used for maintenance work.",False,other,True,True,,,0.0,200.0,linear,standard,3.0,"Maintenance I/O concurrency for VACUUM/CREATE INDEX, similar semantics to effective_io_concurrency.",True,disk_type,False,True
max_connections,100,,Connections and Authentication / Connection Settings,postmaster,integer,configuration file,1,262143,,100,100,Sets the maximum number of concurrent connections.,True,connections,False,True,,,50.0,200.0,linear,core,3.0,Max concurrent connections. Requires restart. High values increase memory.,False,,True,True
max_parallel_maintenance_workers,2,,Resource Usage / Worker Processes,user,integer,default,0,1024,,2,2,Sets the maximum number of parallel processes per maintenance operation.,True,parallelism,True,True,,,0.0,4.0,linear,standard,3.0,"Max parallel workers for maintenance (CREATE INDEX, VACUUM).",True,cpu,False,True
max_parallel_workers,8,,Resource Usage / Worker Processes,user,integer,default,0,1024,,8,8,Sets the maximum number of parallel workers that can be active at one time.,True,connections,True,True,,,0.0,16.0,linear,standard,3.0,Max parallel workers system-wide. Must be <= max_worker_processes.,True,cpu,False,True
max_wal_size,1024,MB,Write-Ahead Log / Checkpoints,sighup,integer,configuration file,2,2147483647,,1024,1024,Sets the WAL size that triggers a checkpoint.,True,checkpoint,True,True,,,80.0,10240.0,log,standard,3.0,Max WAL size before forced checkpoint.,False,,False,True
max_worker_processes,8,,Resource Usage / Worker Processes,postmaster,integer,default,0,262143,,8,8,Maximum number of concurrent worker processes.,True,connections,False,True,,,4.0,16.0,linear,core,3.0,Max background workers. Requires restart. Must be >= max_parallel_workers.,True,cpu,True,True
min_wal_size,80,MB,Write-Ahead Log / Checkpoints,sighup,integer,configuration file,2,2147483647,,80,80,Sets the minimum size to shrink the WAL to.,True,checkpoint,True,True,,,80.0,2048.0,log,standard,3.0,Minimum WAL size to keep.,False,,False,True
seq_page_cost,1,,Query Tuning / Planner Cost Constants,user,real,default,0,1.79769e+308,,1,1,Sets the planner's estimate of the cost of a sequentially fetched disk page.,True,query_planner,True,True,,,0.1,2.0,linear,standard,3.0,Cost of sequential page fetch. Usually kept at 1.0 as baseline.,True,disk_type,False,True
autovacuum_analyze_scale_factor,0.1,,Vacuuming / Automatic Vacuuming,sighup,real,default,0,100,,0.1,0.1,"Number of tuple inserts, updates, or deletes prior to analyze as a fraction of reltuples.",True,autovacuum,True,True,,,0.01,0.5,linear,extensive,4.0,fraction of table modified for analyze.,False,,False,True
autovacuum_max_workers,3,,Vacuuming / Automatic Vacuuming,sighup,integer,default,1,262143,,3,3,Sets the maximum number of simultaneously running autovacuum worker processes.,True,autovacuum,True,True,,,1.0,8.0,linear,standard,4.0,Max autovacuum worker processes.,False,,False,True
autovacuum_naptime,60,s,Vacuuming / Automatic Vacuuming,sighup,integer,default,1,2147483,,60,60,Time to sleep between autovacuum runs.,True,autovacuum,True,True,,,1.0,600.0,log,standard,4.0,Time between autovacuum runs.,False,,False,True
autovacuum_vacuum_cost_delay,2,ms,Vacuuming / Automatic Vacuuming,sighup,real,default,-1,100,,2,2,"Vacuum cost delay in milliseconds, for autovacuum.",True,autovacuum,True,True,,,-1.0,50.0,linear,extensive,4.0,ms delay after cost limit is hit.,False,,False,True
autovacuum_vacuum_cost_limit,-1,,Vacuuming / Automatic Vacuuming,sighup,integer,default,-1,10000,,-1,-1,"Vacuum cost amount available before napping, for autovacuum.",True,autovacuum,True,True,,,-1.0,2000.0,linear,extensive,4.0,per-worker autovacuum cost limit.,False,,False,True
autovacuum_vacuum_insert_scale_factor,0.2,,Vacuuming / Automatic Vacuuming,sighup,real,default,0,100,,0.2,0.2,Number of tuple inserts prior to vacuum as a fraction of reltuples.,False,other,True,True,,,0.01,0.5,linear,extensive,4.0,fraction of table inserted for vacuum.,False,,False,True
autovacuum_vacuum_scale_factor,0.2,,Vacuuming / Automatic Vacuuming,sighup,real,default,0,100,,0.2,0.2,Number of tuple updates or deletes prior to vacuum as a fraction of reltuples.,True,autovacuum,True,True,,,0.01,0.5,linear,extensive,4.0,fraction of table modified for vacuum.,False,,False,True
autovacuum_worker_slots,16,,Vacuuming / Automatic Vacuuming,postmaster,integer,configuration file,1,262143,,16,16,Sets the number of backend slots to allocate for autovacuum workers.,False,other,False,True,,,1.0,16.0,linear,standard,4.0,Autovacuum worker slot capacity; aligned with practical worker process limits.,False,,True,True
bgwriter_delay,200,ms,Resource Usage / Background Writer,sighup,integer,default,10,10000,,200,200,Background writer sleep time between rounds.,False,other,True,True,,,10.0,2000.0,log,standard,4.0,ms between bgwriter rounds.,False,,False,True
bgwriter_lru_maxpages,100,,Resource Usage / Background Writer,sighup,integer,default,0,1073741823,,100,100,Background writer maximum number of LRU pages to flush per round.,False,other,True,True,,,0.0,1000.0,linear,standard,4.0,pages per bgwriter round.,False,,False,True
commit_delay,0,,Write-Ahead Log / Settings,superuser,integer,default,0,100000,,0,0,Sets the delay in microseconds between transaction commit and flushing WAL to disk.,False,other,True,True,,,0.0,10000.0,linear,extensive,4.0,microseconds to wait for group commit.,False,,False,True
commit_siblings,5,,Write-Ahead Log / Settings,user,integer,default,0,1000,,5,5,"Sets the minimum number of concurrent open transactions required before performing ""commit_delay"".",False,other,True,True,,,0.0,20.0,linear,extensive,4.0,concurrent active transactions to trigger commit_delay.,False,,False,True
enable_bitmapscan,on,,Query Tuning / Planner Method Configuration,user,bool,default,,,,on,on,Enables the planner's use of bitmap-scan plans.,True,query_planner,True,True,,,,,categorical,standard,4.0,Enable bitmap scans.,False,,False,True
enable_hashjoin,on,,Query Tuning / Planner Method Configuration,user,bool,default,,,,on,on,Enables the planner's use of hash join plans.,True,query_planner,True,True,,,,,categorical,standard,4.0,Enable hash joins.,False,,False,True
enable_indexscan,on,,Query Tuning / Planner Method Configuration,user,bool,default,,,,on,on,Enables the planner's use of index-scan plans.,True,query_planner,True,True,,,,,categorical,standard,4.0,Enable index scans. Usually leave on.,False,,False,True
enable_mergejoin,on,,Query Tuning / Planner Method Configuration,user,bool,default,,,,on,on,Enables the planner's use of merge join plans.,True,query_planner,True,True,,,,,categorical,standard,4.0,Enable merge joins.,False,,False,True
enable_nestloop,on,,Query Tuning / Planner Method Configuration,user,bool,default,,,,on,on,Enables the planner's use of nested-loop join plans.,True,query_planner,True,True,,,,,categorical,standard,4.0,Enable nested loop joins.,False,,False,True
enable_seqscan,on,,Query Tuning / Planner Method Configuration,user,bool,default,,,,on,on,Enables the planner's use of sequential-scan plans.,True,query_planner,True,True,,,,,categorical,standard,4.0,Enable sequential scans. Usually leave on.,False,,False,True
min_parallel_index_scan_size,64,8kB,Query Tuning / Planner Cost Constants,user,integer,default,0,715827882,,64,64,Sets the minimum amount of index data for a parallel scan.,True,parallelism,True,True,,,0.0,16384.0,log,standard,4.0,pages required to trigger parallel index scan.,False,,False,True
min_parallel_table_scan_size,1024,8kB,Query Tuning / Planner Cost Constants,user,integer,default,0,715827882,,1024,1024,Sets the minimum amount of table data for a parallel scan.,True,parallelism,True,True,,,0.0,65536.0,log,standard,4.0,pages required to trigger parallel table scan.,False,,False,True
parallel_setup_cost,1000,,Query Tuning / Planner Cost Constants,user,real,default,0,1.79769e+308,,1000,1000,Sets the planner's estimate of the cost of starting up worker processes for parallel query.,True,parallelism,True,True,,,1.0,10000.0,log,standard,4.0,Cost of starting parallel workers.,False,,False,True
parallel_tuple_cost,0.1,,Query Tuning / Planner Cost Constants,user,real,default,0,1.79769e+308,,0.1,0.1,Sets the planner's estimate of the cost of passing each tuple (row) from worker to leader backend.,True,parallelism,True,True,,,0.0001,10.0,log,standard,4.0,Cost of transferring tuples between workers.,False,,False,True
temp_buffers,1024,8kB,Resource Usage / Memory,user,integer,default,100,1073741823,,1024,1024,Sets the maximum number of temporary buffers used by each session.,True,memory,True,True,,,1024.0,4096.0,log,standard,4.0,Temp buffer size per session.,False,,False,True
vacuum_buffer_usage_limit,2048,kB,Resource Usage / Memory,user,integer,default,0,16777216,,2048,2048,"Sets the buffer pool size for VACUUM, ANALYZE, and autovacuum.",False,other,True,True,,,128.0,2048.0,linear,extensive,4.0,buffer usage limit for vacuum (pages).,False,,False,True
vacuum_cost_limit,200,,Vacuuming / Cost-Based Vacuum Delay,user,integer,default,1,10000,,200,200,Vacuum cost amount available before napping.,False,other,True,True,,,1.0,2000.0,linear,standard,4.0,aggregate cost cap for vacuum.,False,,False,True
vacuum_freeze_min_age,50000000,,Vacuuming / Freezing,user,integer,default,0,1000000000,,50000000,50000000,Minimum age at which VACUUM should freeze a table row.,False,other,True,True,,,0.0,100000000.0,log,extensive,4.0,minimum age before freezing tuples.,False,,False,True
vacuum_multixact_freeze_min_age,5000000,,Vacuuming / Freezing,user,integer,default,0,1000000000,,5000000,5000000,Minimum age at which VACUUM should freeze a MultiXactId in a table row.,False,other,True,True,,,0.0,100000000.0,log,extensive,4.0,minimum age before freezing multixacts.,False,,False,True
wal_writer_delay,200,ms,Write-Ahead Log / Settings,sighup,integer,default,1,10000,,200,200,Time between WAL flushes performed in the WAL writer.,True,wal,True,True,,,1.0,5000.0,log,standard,4.0,ms between WAL flushes.,False,,False,True
IntervalStyle,postgres,,Client Connection Defaults / Locale and Formatting,user,enum,default,,,"['postgres', 'postgres_verbose', 'sql_standard', 'iso_8601']",postgres,postgres,Sets the display format for interval values.,False,other,True,True,,,,,linear,extensive,5.0,,False,,False,False
archive_mode,off,,Write-Ahead Log / Archiving,postmaster,enum,default,,,"['always', 'on', 'off']",off,off,"Allows archiving of WAL files using ""archive_command"".",False,other,False,True,,,,,linear,extensive,5.0,,False,,True,False
array_nulls,on,,Version and Platform Compatibility / Previous PostgreSQL Versions,user,bool,default,,,,on,on,Enables input of NULL elements in arrays.,False,other,True,True,,,,,linear,extensive,5.0,,False,,False,False
backend_flush_after,0,8kB,Resource Usage / I/O,user,integer,default,0,256,,0,0,Number of pages after which previously performed writes are flushed to disk.,False,other,True,True,,,0.0,256.0,linear,extensive,5.0,pages written by backend before OS flush.,False,,False,True
backslash_quote,safe_encoding,,Version and Platform Compatibility / Previous PostgreSQL Versions,user,enum,default,,,"['safe_encoding', 'on', 'off']",safe_encoding,safe_encoding,"Sets whether ""\'"" is allowed in string literals.",False,other,True,True,,,,,linear,extensive,5.0,,False,,False,False
bgwriter_flush_after,64,8kB,Resource Usage / Background Writer,sighup,integer,default,0,256,,64,64,Number of pages after which previously performed writes are flushed to disk.,False,other,True,True,,,0.0,256.0,linear,extensive,5.0,pages written by bgwriter before OS flush.,False,,False,True
bgwriter_lru_multiplier,2,,Resource Usage / Background Writer,sighup,real,default,0,10,,2,2,Multiple of the average buffer usage to free per round.,False,other,True,True,,,0.0,10.0,linear,extensive,5.0,multiplier for pages to write based on recent usage.,False,,False,True
bytea_output,hex,,Client Connection Defaults / Statement Behavior,user,enum,default,,,"['escape', 'hex']",hex,hex,Sets the output format for bytea.,False,other,True,True,,,,,linear,extensive,5.0,,False,,False,False
check_function_bodies,on,,Client Connection Defaults / Statement Behavior,user,bool,default,,,,on,on,Check routine bodies during CREATE FUNCTION and CREATE PROCEDURE.,False,other,True,True,,,,,linear,extensive,5.0,,False,,False,False
checkpoint_flush_after,32,8kB,Write-Ahead Log / Checkpoints,sighup,integer,default,0,256,,32,32,Number of pages after which previously performed writes are flushed to disk.,False,other,True,True,,,0.0,256.0,linear,extensive,5.0,pages written by checkpointer before OS flush.,False,,False,True
commit_timestamp_buffers,32,8kB,Resource Usage / Memory,postmaster,integer,default,0,131072,,0,32,Sets the size of the dedicated buffer pool used for the commit timestamp cache.,False,other,False,True,,,16.0,1024.0,log,extensive,5.0,SLRU buffers for commit timestamps (must be multiple of 16).,False,,True,True
compute_query_id,auto,,Statistics / Monitoring,superuser,enum,default,,,"['auto', 'regress', 'on', 'off']",auto,auto,Enables in-core computation of query identifiers.,False,other,True,True,,,,,linear,extensive,5.0,,False,,False,False
constraint_exclusion,partition,,Query Tuning / Other Planner Options,user,enum,default,,,"['partition', 'on', 'off']",partition,partition,Enables the planner to use constraints to optimize queries.,False,other,True,True,,,,,linear,extensive,5.0,,False,,False,False
cursor_tuple_fraction,0.1,,Query Tuning / Other Planner Options,user,real,default,0,1,,0.1,0.1,Sets the planner's estimate of the fraction of a cursor's rows that will be retrieved.,False,other,True,True,,,0.0,1.0,linear,extensive,5.0,planner estimator for cursor retrieval fraction.,False,,False,True
data_sync_retry,off,,Error Handling,postmaster,bool,default,,,,off,off,Whether to continue running after a failure to sync data files.,False,other,False,True,,,,,linear,extensive,5.0,,False,,True,False
default_toast_compression,pglz,,Client Connection Defaults / Statement Behavior,user,enum,default,,,"['pglz', 'lz4']",pglz,pglz,Sets the default compression method for compressible values.,False,other,True,True,,,,,linear,extensive,5.0,,False,,False,False
default_transaction_isolation,read committed,,Client Connection Defaults / Statement Behavior,user,enum,default,,,"['repeatable read', 'read committed', 'read uncommitted']",read committed,read committed,Sets the transaction isolation level of each new transaction.,False,other,True,True,,,,,linear,extensive,5.0,,False,,False,False
dynamic_shared_memory_type,posix,,Resource Usage / Memory,postmaster,enum,configuration file,,,"['posix', 'sysv', 'mmap']",posix,posix,Selects the dynamic shared memory implementation used.,False,other,False,True,,,,,linear,extensive,5.0,,False,,True,False
enable_async_append,on,,Query Tuning / Planner Method Configuration,user,bool,default,,,,on,on,Enables the planner's use of async append plans.,False,other,True,True,,,,,linear,extensive,5.0,,False,,False,False
enable_distinct_reordering,on,,Query Tuning / Planner Method Configuration,user,bool,default,,,,on,on,Enables reordering of DISTINCT keys.,False,other,True,True,,,,,linear,extensive,5.0,,False,,False,False
enable_gathermerge,on,,Query Tuning / Planner Method Configuration,user,bool,default,,,,on,on,Enables the planner's use of gather merge plans.,False,other,True,True,,,,,linear,extensive,5.0,,False,,False,False
enable_group_by_reordering,on,,Query Tuning / Planner Method Configuration,user,bool,default,,,,on,on,Enables reordering of GROUP BY keys.,False,other,True,True,,,,,linear,extensive,5.0,,False,,False,False
enable_hashagg,on,,Query Tuning / Planner Method Configuration,user,bool,default,,,,on,on,Enables the planner's use of hashed aggregation plans.,False,other,True,True,,,,,linear,extensive,5.0,,False,,False,False
enable_incremental_sort,on,,Query Tuning / Planner Method Configuration,user,bool,default,,,,on,on,Enables the planner's use of incremental sort steps.,False,other,True,True,,,,,linear,extensive,5.0,,False,,False,False
enable_indexonlyscan,on,,Query Tuning / Planner Method Configuration,user,bool,default,,,,on,on,Enables the planner's use of index-only-scan plans.,False,other,True,True,,,,,linear,extensive,5.0,,False,,False,False
enable_material,on,,Query Tuning / Planner Method Configuration,user,bool,default,,,,on,on,Enables the planner's use of materialization.,False,other,True,True,,,,,linear,extensive,5.0,,False,,False,False
enable_memoize,on,,Query Tuning / Planner Method Configuration,user,bool,default,,,,on,on,Enables the planner's use of memoization.,False,other,True,True,,,,,linear,extensive,5.0,,False,,False,False
enable_parallel_append,on,,Query Tuning / Planner Method Configuration,user,bool,default,,,,on,on,Enables the planner's use of parallel append plans.,False,other,True,True,,,,,linear,extensive,5.0,,False,,False,False
enable_parallel_hash,on,,Query Tuning / Planner Method Configuration,user,bool,default,,,,on,on,Enables the planner's use of parallel hash plans.,False,other,True,True,,,,,linear,extensive,5.0,,False,,False,False
enable_partition_pruning,on,,Query Tuning / Planner Method Configuration,user,bool,default,,,,on,on,Enables plan-time and execution-time partition pruning.,False,other,True,True,,,,,linear,extensive,5.0,,False,,False,False
enable_partitionwise_aggregate,off,,Query Tuning / Planner Method Configuration,user,bool,default,,,,off,off,Enables partitionwise aggregation and grouping.,False,other,True,True,,,,,linear,extensive,5.0,,False,,False,False
enable_partitionwise_join,off,,Query Tuning / Planner Method Configuration,user,bool,default,,,,off,off,Enables partitionwise join.,False,other,True,True,,,,,linear,extensive,5.0,,False,,False,False
enable_presorted_aggregate,on,,Query Tuning / Planner Method Configuration,user,bool,default,,,,on,on,Enables the planner's ability to produce plans that provide presorted input for ORDER BY / DISTINCT aggregate functions.,False,other,True,True,,,,,linear,extensive,5.0,,False,,False,False
enable_self_join_elimination,on,,Query Tuning / Planner Method Configuration,user,bool,default,,,,on,on,Enables removal of unique self-joins.,False,other,True,True,,,,,linear,extensive,5.0,,False,,False,False
enable_sort,on,,Query Tuning / Planner Method Configuration,user,bool,default,,,,on,on,Enables the planner's use of explicit sort steps.,False,other,True,True,,,,,linear,extensive,5.0,,False,,False,False
enable_tidscan,on,,Query Tuning / Planner Method Configuration,user,bool,default,,,,on,on,Enables the planner's use of TID scan plans.,False,other,True,True,,,,,linear,extensive,5.0,,False,,False,False
escape_string_warning,on,,Version and Platform Compatibility / Previous PostgreSQL Versions,user,bool,default,,,,on,on,Warn about backslash escapes in ordinary string literals.,False,other,True,True,,,,,linear,extensive,5.0,,False,,False,False
event_triggers,on,,Client Connection Defaults / Statement Behavior,superuser,bool,default,,,,on,on,Enables event triggers.,False,other,True,True,,,,,linear,extensive,5.0,,False,,False,False
file_copy_method,copy,,Resource Usage / Disk,user,enum,default,,,"['copy', 'clone']",copy,copy,Selects the file copy method.,False,other,True,True,,,,,linear,extensive,5.0,,False,,False,False
file_extend_method,posix_fallocate,,Resource Usage / Disk,sighup,enum,default,,,"['posix_fallocate', 'write_zeros']",posix_fallocate,posix_fallocate,Selects the method used for extending data files.,False,other,True,True,,,,,linear,extensive,5.0,,False,,False,False
fsync,on,,Write-Ahead Log / Settings,sighup,bool,default,,,,on,on,Forces synchronization of updates to disk.,True,wal,True,True,,,,,linear,extensive,5.0,,False,,False,False
full_page_writes,on,,Write-Ahead Log / Settings,sighup,bool,default,,,,on,on,Writes full pages to WAL when first modified after a checkpoint.,False,other,True,True,,,,,linear,extensive,5.0,,False,,False,False
geqo,on,,Query Tuning / Genetic Query Optimizer,user,bool,default,,,,on,on,Enables genetic query optimization.,False,other,True,True,,,,,linear,extensive,5.0,,False,,False,False
geqo_effort,5,,Query Tuning / Genetic Query Optimizer,user,integer,default,1,10,,5,5,GEQO: effort is used to set the default for other GEQO parameters.,False,other,True,True,,,1.0,10.0,linear,extensive,5.0,GEQO effort level.,False,,False,True
geqo_seed,0,,Query Tuning / Genetic Query Optimizer,user,real,default,0,1,,0,0,GEQO: seed for random path selection.,False,other,True,True,,,0.0,1.0,linear,extensive,5.0,GEQO random seed.,False,,False,True
geqo_selection_bias,2,,Query Tuning / Genetic Query Optimizer,user,real,default,1.5,2,,2,2,GEQO: selective pressure within the population.,False,other,True,True,,,1.5,2.0,linear,extensive,5.0,GEQO selection bias.,False,,False,True
gss_accept_delegation,off,,Connections and Authentication / Authentication,sighup,bool,default,,,,off,off,Sets whether GSSAPI delegation should be accepted from the client.,False,other,True,True,,,,,linear,extensive,5.0,,False,,False,False
hot_standby,on,,Replication / Standby Servers,postmaster,bool,default,,,,on,on,Allows connections and queries during recovery.,False,other,False,True,,,,,linear,extensive,5.0,,False,,True,False
hot_standby_feedback,off,,Replication / Standby Servers,sighup,bool,default,,,,off,off,Allows feedback from a hot standby to the primary that will avoid query conflicts.,False,other,True,True,,,,,linear,extensive,5.0,,False,,False,False
huge_pages,try,,Resource Usage / Memory,postmaster,enum,default,,,"['off', 'on', 'try']",try,try,Use of huge pages on Linux or Windows.,False,other,False,True,,,,,linear,extensive,5.0,,False,,True,False
icu_validation_level,warning,,Client Connection Defaults / Locale and Formatting,user,enum,default,,,"['disabled', 'debug5', 'debug4', 'debug3', 'debug2', 'debug1', 'log', 'notice', 'warning', 'error']",warning,warning,Log level for reporting invalid ICU locale strings.,False,other,True,True,,,,,linear,extensive,5.0,,False,,False,False
io_combine_limit,16,8kB,Resource Usage / I/O,user,integer,default,1,128,,16,16,Limit on the size of data reads and writes.,False,other,True,True,,,1.0,128.0,linear,extensive,5.0,I/O combine limit.,False,,False,True
io_max_combine_limit,16,8kB,Resource Usage / I/O,postmaster,integer,default,1,128,,16,16,Server-wide limit that clamps io_combine_limit.,False,other,False,True,,,1.0,128.0,linear,extensive,5.0,Max I/O combine limit.,False,,True,True
io_max_concurrency,64,,Resource Usage / I/O,postmaster,integer,default,-1,1024,,-1,64,Max number of IOs that one process can execute simultaneously.,False,other,False,True,,,-1.0,256.0,linear,extensive,5.0,Max I/O concurrency.,False,,True,True
krb_caseins_users,off,,Connections and Authentication / Authentication,sighup,bool,default,,,,off,off,Sets whether Kerberos and GSSAPI user names should be treated as case-insensitive.,False,other,True,True,,,,,linear,extensive,5.0,,False,,False,False
lo_compat_privileges,off,,Version and Platform Compatibility / Previous PostgreSQL Versions,superuser,bool,default,,,,off,off,Enables backward compatibility mode for privilege checks on large objects.,False,other,True,True,,,,,linear,extensive,5.0,,False,,False,False
log_checkpoints,on,,Reporting and Logging / What to Log,sighup,bool,default,,,,on,on,Logs each checkpoint.,False,other,True,True,,,,,linear,extensive,5.0,,False,,False,False
log_disconnections,off,,Reporting and Logging / What to Log,superuser-backend,bool,default,,,,off,off,"Logs end of a session, including duration.",False,other,True,True,,,,,linear,extensive,5.0,,False,,False,False
log_duration,off,,Reporting and Logging / What to Log,superuser,bool,default,,,,off,off,Logs the duration of each completed SQL statement.,False,other,True,True,,,,,linear,extensive,5.0,,False,,False,False
log_error_verbosity,default,,Reporting and Logging / What to Log,superuser,enum,default,,,"['terse', 'default', 'verbose']",default,default,Sets the verbosity of logged messages.,False,other,True,True,,,,,linear,extensive,5.0,,False,,False,False
log_hostname,off,,Reporting and Logging / What to Log,sighup,bool,default,,,,off,off,Logs the host name in the connection logs.,False,other,True,True,,,,,linear,extensive,5.0,,False,,False,False
log_lock_failures,off,,Reporting and Logging / What to Log,superuser,bool,default,,,,off,off,Logs lock failures.,False,other,True,True,,,,,linear,extensive,5.0,,False,,False,False
log_lock_waits,off,,Reporting and Logging / What to Log,superuser,bool,default,,,,off,off,Logs long lock waits.,False,other,True,True,,,,,linear,extensive,5.0,,False,,False,False
log_min_error_statement,error,,Reporting and Logging / When to Log,superuser,enum,default,,,"['debug5', 'debug4', 'debug3', 'debug2', 'debug1', 'info', 'notice', 'warning', 'error', 'log', 'fatal', 'panic']",error,error,Causes all statements generating error at or above this level to be logged.,False,other,True,True,,,,,linear,extensive,5.0,,False,,False,False
log_recovery_conflict_waits,off,,Reporting and Logging / What to Log,sighup,bool,default,,,,off,off,Logs standby recovery conflict waits.,False,other,True,True,,,,,linear,extensive,5.0,,False,,False,False
log_replication_commands,off,,Reporting and Logging / What to Log,superuser,bool,default,,,,off,off,Logs each replication command.,False,other,True,True,,,,,linear,extensive,5.0,,False,,False,False
log_statement,none,,Reporting and Logging / What to Log,superuser,enum,default,,,"['none', 'ddl', 'mod', 'all']",none,none,Sets the type of statements logged.,False,other,True,True,,,,,linear,extensive,5.0,,False,,False,False
log_truncate_on_rotation,off,,Reporting and Logging / Where to Log,sighup,bool,default,,,,off,off,Truncate existing log files of same name during log rotation.,False,other,True,True,,,,,linear,extensive,5.0,,False,,False,False
max_logical_replication_workers,4,,Replication / Subscribers,postmaster,integer,default,0,262143,,4,4,Maximum number of logical replication worker processes.,False,other,False,True,,,0.0,10.0,linear,extensive,5.0,Logical replication worker cap; bounded for stability in non-replication-centric tuning runs.,False,,True,True
max_parallel_apply_workers_per_subscription,2,,Replication / Subscribers,sighup,integer,default,0,1024,,2,2,Maximum number of parallel apply workers per subscription.,False,other,True,True,,,0.0,8.0,linear,extensive,5.0,Logical replication apply parallelism; low-impact for non-replication benchmarks but safely tunable.,False,,False,True
max_wal_senders,10,,Replication / Sending Servers,postmaster,integer,default,0,262143,,10,10,Sets the maximum number of simultaneously running WAL sender processes.,False,other,False,True,,,0.0,10.0,linear,extensive,5.0,WAL sender process cap; safely bounded for environments without heavy replication fanout.,False,,True,True
md5_password_warnings,on,,Connections and Authentication / Authentication,user,bool,default,,,,on,on,Enables deprecation warnings for MD5 passwords.,False,other,True,True,,,,,linear,extensive,5.0,,False,,False,False
multixact_member_buffers,32,8kB,Resource Usage / Memory,postmaster,integer,default,16,131072,,32,32,Sets the size of the dedicated buffer pool used for the MultiXact member cache.,False,other,False,True,,,4.0,64.0,log,extensive,5.0,MultiXact member SLRU buffers (pages); bounded for stable memory usage.,False,,True,True
multixact_offset_buffers,16,8kB,Resource Usage / Memory,postmaster,integer,default,16,131072,,16,16,Sets the size of the dedicated buffer pool used for the MultiXact offset cache.,False,other,False,True,,,4.0,64.0,log,extensive,5.0,MultiXact offset SLRU buffers (pages); bounded for stable memory usage.,False,,True,True
notify_buffers,16,8kB,Resource Usage / Memory,postmaster,integer,default,16,131072,,16,16,Sets the size of the dedicated buffer pool used for the LISTEN/NOTIFY message cache.,False,other,False,True,,,4.0,64.0,log,extensive,5.0,LISTEN/NOTIFY buffers (pages); bounded for safe memory footprint.,False,,True,True
parallel_leader_participation,on,,Resource Usage / Worker Processes,user,bool,default,,,,on,on,Controls whether Gather and Gather Merge also run subplans.,False,other,True,True,,,,,linear,extensive,5.0,,False,,False,False
password_encryption,scram-sha-256,,Connections and Authentication / Authentication,user,enum,default,,,"['md5', 'scram-sha-256']",scram-sha-256,scram-sha-256,Chooses the algorithm for encrypting passwords.,False,other,True,True,,,,,linear,extensive,5.0,,False,,False,False
plan_cache_mode,auto,,Query Tuning / Other Planner Options,user,enum,default,,,"['auto', 'force_generic_plan', 'force_custom_plan']",auto,auto,Controls the planner's selection of custom or generic plan.,False,other,True,True,,,,,linear,extensive,5.0,,False,,False,False
quote_all_identifiers,off,,Version and Platform Compatibility / Previous PostgreSQL Versions,user,bool,default,,,,off,off,"When generating SQL fragments, quote all identifiers.",False,other,True,True,,,,,linear,extensive,5.0,,False,,False,False
recovery_init_sync_method,fsync,,Error Handling,sighup,enum,default,,,"['fsync', 'syncfs']",fsync,fsync,Sets the method for synchronizing the data directory before crash recovery.,False,other,True,True,,,,,linear,extensive,5.0,,False,,False,False
recovery_prefetch,try,,Write-Ahead Log / Recovery,sighup,enum,default,,,"['off', 'on', 'try']",try,try,Prefetch referenced blocks during recovery.,False,other,True,True,,,,,linear,extensive,5.0,,False,,False,False
recovery_target_action,pause,,Write-Ahead Log / Recovery Target,postmaster,enum,default,,,"['pause', 'promote', 'shutdown']",pause,pause,Sets the action to perform upon reaching the recovery target.,False,other,False,True,,,,,linear,extensive,5.0,,False,,True,False
recovery_target_inclusive,on,,Write-Ahead Log / Recovery Target,postmaster,bool,default,,,,on,on,Sets whether to include or exclude transaction with recovery target.,False,other,False,True,,,,,linear,extensive,5.0,,False,,True,False
recursive_worktable_factor,10,,Query Tuning / Other Planner Options,user,real,default,0.001,1e+06,,10,10,Sets the planner's estimate of the average size of a recursive query's working table.,False,other,True,True,,,0.1,100.0,log,extensive,5.0,planner multiplier for recursive queries.,False,,False,True
remove_temp_files_after_crash,on,,Developer Options,sighup,bool,default,,,,on,on,Remove temporary files after backend crash.,False,other,True,True,,,,,linear,extensive,5.0,,False,,False,False
reserved_connections,0,,Connections and Authentication / Connection Settings,postmaster,integer,default,0,262143,,0,0,Sets the number of connection slots reserved for roles with privileges of pg_use_reserved_connections.,False,other,False,True,,,0.0,5.0,linear,extensive,5.0,Reserved connection slots; conservative bounds preserve user connection capacity.,False,,True,True
row_security,on,,Client Connection Defaults / Statement Behavior,user,bool,default,,,,on,on,Enables row security.,False,other,True,True,,,,,linear,extensive,5.0,,False,,False,False
send_abort_for_crash,off,,Developer Options,sighup,bool,default,,,,off,off,Send SIGABRT not SIGQUIT to child processes after backend crash.,False,other,True,True,,,,,linear,extensive,5.0,,False,,False,False
send_abort_for_kill,off,,Developer Options,sighup,bool,default,,,,off,off,Send SIGABRT not SIGKILL to stuck child processes.,False,other,True,True,,,,,linear,extensive,5.0,,False,,False,False
serializable_buffers,32,8kB,Resource Usage / Memory,postmaster,integer,default,16,131072,,32,32,Sets the size of the dedicated buffer pool used for the serializable transaction cache.,False,other,False,True,,,16.0,1024.0,log,extensive,5.0,SLRU buffers for serializable transactions (must be multiple of 16).,False,,True,True
session_replication_role,origin,,Client Connection Defaults / Statement Behavior,superuser,enum,default,,,"['origin', 'replica', 'local']",origin,origin,Sets the session's behavior for triggers and rewrite rules.,False,other,True,True,,,,,linear,extensive,5.0,,False,,False,False
shared_memory_type,mmap,,Resource Usage / Memory,postmaster,enum,default,,,"['sysv', 'mmap']",mmap,mmap,Selects the shared memory implementation used for the main shared memory region.,False,other,False,True,,,,,linear,extensive,5.0,,False,,True,False
ssl_max_protocol_version,,,Connections and Authentication / SSL,sighup,enum,default,,,"['', 'TLSv1', 'TLSv1.1', 'TLSv1.2', 'TLSv1.3']",,,Sets the maximum SSL/TLS protocol version to use.,False,other,True,True,,,,,linear,extensive,5.0,,False,,False,False
ssl_min_protocol_version,TLSv1.2,,Connections and Authentication / SSL,sighup,enum,default,,,"['TLSv1', 'TLSv1.1', 'TLSv1.2', 'TLSv1.3']",TLSv1.2,TLSv1.2,Sets the minimum SSL/TLS protocol version to use.,False,other,True,True,,,,,linear,extensive,5.0,,False,,False,False
standard_conforming_strings,on,,Version and Platform Compatibility / Previous PostgreSQL Versions,user,bool,default,,,,on,on,Causes '...' strings to treat backslashes literally.,False,other,True,True,,,,,linear,extensive,5.0,,False,,False,False
stats_fetch_consistency,cache,,Statistics / Cumulative Query and Index Statistics,user,enum,default,,,"['none', 'cache', 'snapshot']",cache,cache,Sets the consistency of accesses to statistics data.,False,other,True,True,,,,,linear,extensive,5.0,,False,,False,False
subtransaction_buffers,32,8kB,Resource Usage / Memory,postmaster,integer,default,0,131072,,0,32,Sets the size of the dedicated buffer pool used for the subtransaction cache.,False,other,False,True,,,16.0,1024.0,log,extensive,5.0,SLRU buffers for subtransactions (must be multiple of 16).,False,,True,True
summarize_wal,off,,Write-Ahead Log / Summarization,sighup,bool,default,,,,off,off,Starts the WAL summarizer process to enable incremental backup.,False,other,True,True,,,,,linear,extensive,5.0,,False,,False,False
superuser_reserved_connections,3,,Connections and Authentication / Connection Settings,postmaster,integer,default,0,262143,,3,3,Sets the number of connection slots reserved for superusers.,False,other,False,True,,,0.0,5.0,linear,extensive,5.0,Reserved connection slots for superusers; tuned conservatively to prevent starvation.,False,,True,True
sync_replication_slots,off,,Replication / Standby Servers,sighup,bool,default,,,,off,off,Enables a physical standby to synchronize logical failover replication slots from the primary server.,False,other,True,True,,,,,linear,extensive,5.0,,False,,False,False
synchronize_seqscans,on,,Version and Platform Compatibility / Previous PostgreSQL Versions,user,bool,default,,,,on,on,Enables synchronized sequential scans.,False,other,True,True,,,,,linear,extensive,5.0,,False,,False,False
synchronous_commit,on,,Write-Ahead Log / Settings,user,enum,default,,,"['local', 'remote_write', 'remote_apply', 'on', 'off']",on,on,Sets the current transaction's synchronization level.,True,wal,True,True,,,,,linear,extensive,5.0,,False,,False,False
syslog_facility,local0,,Reporting and Logging / Where to Log,sighup,enum,default,,,"['local0', 'local1', 'local2', 'local3', 'local4', 'local5', 'local6', 'local7']",local0,local0,"Sets the syslog ""facility"" to be used when syslog enabled.",False,other,True,True,,,,,linear,extensive,5.0,,False,,False,False
syslog_sequence_numbers,on,,Reporting and Logging / Where to Log,sighup,bool,default,,,,on,on,Add sequence number to syslog messages to avoid duplicate suppression.,False,other,True,True,,,,,linear,extensive,5.0,,False,,False,False
syslog_split_messages,on,,Reporting and Logging / Where to Log,sighup,bool,default,,,,on,on,Split messages sent to syslog by lines and to fit into 1024 bytes.,False,other,True,True,,,,,linear,extensive,5.0,,False,,False,False
track_activities,on,,Statistics / Cumulative Query and Index Statistics,superuser,bool,default,,,,on,on,Collects information about executing commands.,True,statistics,True,True,,,,,linear,extensive,5.0,,False,,False,False
track_commit_timestamp,off,,Replication / Sending Servers,postmaster,bool,default,,,,off,off,Collects transaction commit time.,False,other,False,True,,,,,linear,extensive,5.0,,False,,True,False
track_cost_delay_timing,off,,Statistics / Cumulative Query and Index Statistics,superuser,bool,default,,,,off,off,Collects timing statistics for cost-based vacuum delay.,False,other,True,True,,,,,linear,extensive,5.0,,False,,False,False
track_counts,on,,Statistics / Cumulative Query and Index Statistics,superuser,bool,default,,,,on,on,Collects statistics on database activity.,True,statistics,True,True,,,,,linear,extensive,5.0,,False,,False,False
track_functions,none,,Statistics / Cumulative Query and Index Statistics,superuser,enum,default,,,"['none', 'pl', 'all']",none,none,Collects function-level statistics on database activity.,True,statistics,True,True,,,,,linear,extensive,5.0,,False,,False,False
track_io_timing,off,,Statistics / Cumulative Query and Index Statistics,superuser,bool,default,,,,off,off,Collects timing statistics for database I/O activity.,True,statistics,True,True,,,,,linear,extensive,5.0,,False,,False,False
track_wal_io_timing,off,,Statistics / Cumulative Query and Index Statistics,superuser,bool,default,,,,off,off,Collects timing statistics for WAL I/O activity.,False,other,True,True,,,,,linear,extensive,5.0,,False,,False,False
transaction_buffers,32,8kB,Resource Usage / Memory,postmaster,integer,default,0,131072,,0,32,Sets the size of the dedicated buffer pool used for the transaction status cache.,False,other,False,True,,,16.0,1024.0,log,extensive,5.0,SLRU buffers for transactions (must be multiple of 16).,False,,True,True
transform_null_equals,off,,Version and Platform Compatibility / Other Platforms and Clients,user,bool,default,,,,off,off,"Treats ""expr=NULL"" as ""expr IS NULL"".",False,other,True,True,,,,,linear,extensive,5.0,,False,,False,False
update_process_title,on,,Reporting and Logging / Process Title,superuser,bool,default,,,,on,on,Updates the process title to show the active SQL command.,False,other,True,True,,,,,linear,extensive,5.0,,False,,False,False
vacuum_cost_page_dirty,20,,Vacuuming / Cost-Based Vacuum Delay,user,integer,default,0,10000,,20,20,Vacuum cost for a page dirtied by vacuum.,False,other,True,True,,,0.0,1000.0,linear,extensive,5.0,cost of dirtying a page.,False,,False,True
vacuum_cost_page_hit,1,,Vacuuming / Cost-Based Vacuum Delay,user,integer,default,0,10000,,1,1,Vacuum cost for a page found in the buffer cache.,False,other,True,True,,,0.0,100.0,linear,extensive,5.0,cost of vacuuming a buffer-hit page.,False,,False,True
vacuum_cost_page_miss,2,,Vacuuming / Cost-Based Vacuum Delay,user,integer,default,0,10000,,2,2,Vacuum cost for a page not found in the buffer cache.,False,other,True,True,,,0.0,1000.0,linear,extensive,5.0,cost of vacuuming a disk-read page.,False,,False,True
vacuum_max_eager_freeze_failure_rate,0.03,,Vacuuming / Freezing,user,real,default,0,1,,0.03,0.03,Fraction of pages in a relation vacuum can scan and fail to freeze before disabling eager scanning.,False,other,True,True,,,,,linear,extensive,5.0,,False,,False,False
vacuum_truncate,on,,Vacuuming / Default Behavior,user,bool,default,,,,on,on,Enables vacuum to truncate empty pages at the end of the table.,False,other,True,True,,,,,linear,extensive,5.0,,False,,False,False
wal_compression,off,,Write-Ahead Log / Settings,superuser,enum,default,,,"['pglz', 'lz4', 'zstd', 'on', 'off']",off,off,Compresses full-page writes written in WAL file with specified method.,True,wal,True,True,,,,,linear,extensive,5.0,,False,,False,False
wal_init_zero,on,,Write-Ahead Log / Settings,superuser,bool,default,,,,on,on,Writes zeroes to new WAL files before first use.,False,other,True,True,,,,,linear,extensive,5.0,,False,,False,False
wal_level,replica,,Write-Ahead Log / Settings,postmaster,enum,default,,,"['minimal', 'replica', 'logical']",replica,replica,Sets the level of information written to the WAL.,True,wal,False,True,,,,,linear,extensive,5.0,,False,,True,False
wal_log_hints,off,,Write-Ahead Log / Settings,postmaster,bool,default,,,,off,off,"Writes full pages to WAL when first modified after a checkpoint, even for a non-critical modification.",False,other,False,True,,,,,linear,extensive,5.0,,False,,True,False
wal_receiver_create_temp_slot,off,,Replication / Standby Servers,sighup,bool,default,,,,off,off,Sets whether a WAL receiver should create a temporary replication slot if no permanent slot is configured.,False,other,True,True,,,,,linear,extensive,5.0,,False,,False,False
wal_recycle,on,,Write-Ahead Log / Settings,superuser,bool,default,,,,on,on,Recycles WAL files by renaming them.,False,other,True,True,,,,,linear,extensive,5.0,,False,,False,False
wal_sync_method,fdatasync,,Write-Ahead Log / Settings,sighup,enum,default,,,"['fsync', 'fdatasync', 'open_sync', 'open_datasync']",fdatasync,fdatasync,Selects the method used for forcing WAL updates to disk.,False,other,True,True,,,,,linear,extensive,5.0,,False,,False,False
